1,a1,a1@gmail.com,10/2/2003,9/12/2023 10:34,c4ca4238a0b923820dcc509a6f75849b,siunhan.jpeg
2,a2,a2@gmail.com,10/2/2003,9/12/2023 10:34,c4ca4238a0b923820dcc509a6f75849b,siunhan.jpeg
3,a3,a3@gmail.com,10/2/2003,9/12/2023 10:34,c4ca4238a0b923820dcc509a6f75849b,siunhan.jpeg
4,a4,a4@gmail.com,10/2/2003,9/12/2023 10:34,c4ca4238a0b923820dcc509a6f75849b,siunhan.jpeg
5,a5,a5@gmail.com,10/2/2003,9/12/2023 10:34,c4ca4238a0b923820dcc509a6f75849b,siunhan.jpeg
6,a6,a6@gmail.com,10/2/2003,9/12/2023 10:34,c4ca4238a0b923820dcc509a6f75849b,siunhan.jpeg
7,a7,a7@gmail.com,10/2/2003,9/12/2023 10:34,c4ca4238a0b923820dcc509a6f75849b,siunhan.jpeg
8,a8,a8@gmail.com,10/2/2003,9/12/2023 10:34,c4ca4238a0b923820dcc509a6f75849b,siunhan.jpeg
9,a9,a9@gmail.com,10/2/2003,9/12/2023 10:34,c4ca4238a0b923820dcc509a6f75849b,siunhan.jpeg
10,a10,a10@gmail.com,10/2/2003,9/12/2023 10:34,c4ca4238a0b923820dcc509a6f75849b,siunhan.jpeg
,,,,,,
